5052,Прокат авто в аэропорту Тревизо,prokat-avto-aeroport-treviso,http://rentacar-venezia-local.local/ru/prokat-avto-aeroport-treviso/,page-templates/template-airport-location.php,ru
5051,Închirieri auto Aeroportul Treviso,inchirieri-auto-aeroport-treviso,http://rentacar-venezia-local.local/ro/inchirieri-auto-aeroport-treviso/,page-templates/template-airport-location.php,ro
5050,Treviso Airport car rental,treviso-airport-car-rental-2,http://rentacar-venezia-local.local/en/treviso-airport-car-rental-2/,page-templates/template-airport-location.php,en
5049,Прокат авто в аэропорту Венеция Марко Поло,prokat-avto-aeroport-veneciya-marko-polo,http://rentacar-venezia-local.local/ru/prokat-avto-aeroport-veneciya-marko-polo/,page-templates/template-airport-location.php,ru
5048,Închirieri auto Aeroportul Veneția Marco Polo,inchirieri-auto-aeroport-venetia-marco-polo,http://rentacar-venezia-local.local/ro/inchirieri-auto-aeroport-venetia-marco-polo/,page-templates/template-airport-location.php,ro
5047,Venice Marco Polo Airport car rental,venice-marco-polo-airport-car-rental-2,http://rentacar-venezia-local.local/en/venice-marco-polo-airport-car-rental-2/,page-templates/template-airport-location.php,en
5046,Путеводители,putevoditeli,http://rentacar-venezia-local.local/ru/putevoditeli/,,ru
5045,Ghiduri,ghiduri,http://rentacar-venezia-local.local/ro/ghiduri/,,ro
5044,Guides,guides-2,http://rentacar-venezia-local.local/en/guides-2/,,en
5043,Условия и положения,usloviya-i-polozheniya,http://rentacar-venezia-local.local/ru/usloviya-i-polozheniya/,page-templates/template-terms.php,ru
5042,Termeni și condiții,termeni-conditii,http://rentacar-venezia-local.local/ro/termeni-conditii/,page-templates/template-terms.php,ro
5041,Terms and Conditions,terms-and-conditions-2,http://rentacar-venezia-local.local/en/terms-and-conditions-2/,page-templates/template-terms.php,en
5040,Условия аренды,usloviya-arendy,http://rentacar-venezia-local.local/ru/usloviya-arendy/,page-templates/template-rental-requirements.php,ru
5039,Condiții de închiriere,conditii-inchiriere,http://rentacar-venezia-local.local/ro/conditii-inchiriere/,page-templates/template-rental-requirements.php,ro
5038,Rental requirements,rental-requirements-2,http://rentacar-venezia-local.local/en/rental-requirements-2/,page-templates/template-rental-requirements.php,en
5037,Как это работает,kak-eto-rabotaet,http://rentacar-venezia-local.local/ru/kak-eto-rabotaet/,page-templates/template-how-it-works.php,ru
5036,Cum funcționează,cum-functioneaza,http://rentacar-venezia-local.local/ro/cum-functioneaza/,page-templates/template-how-it-works.php,ro
5035,How it works,how-it-works-2,http://rentacar-venezia-local.local/en/how-it-works-2/,page-templates/template-how-it-works.php,en
5034,Автомобили в аренду в Венеции и Тревизо,avtopark,http://rentacar-venezia-local.local/ru/avtopark/,page-templates/template-fleet.php,ru
5033,Mașini de închiriat în Veneția și Treviso,flota,http://rentacar-venezia-local.local/ro/flota/,page-templates/template-fleet.php,ro
5032,Rental cars in Venice and Treviso,fleet-2,http://rentacar-venezia-local.local/en/fleet-2/,page-templates/template-fleet.php,en
5024,Noleggio auto Aeroporto di Treviso,treviso-airport-car-rental,http://rentacar-venezia-local.local/treviso-airport-car-rental/,page-templates/template-airport-location.php,it
5023,Noleggio auto Aeroporto di Venezia Marco Polo,venice-marco-polo-airport-car-rental,http://rentacar-venezia-local.local/venice-marco-polo-airport-car-rental/,page-templates/template-airport-location.php,it
5022,Guide,guides,http://rentacar-venezia-local.local/guides/,,it
5021,Termini e condizioni,terms-and-conditions,http://rentacar-venezia-local.local/terms-and-conditions/,page-templates/template-terms.php,it
5018,Requisiti di noleggio,rental-requirements,http://rentacar-venezia-local.local/rental-requirements/,page-templates/template-rental-requirements.php,it
5017,Come funziona,how-it-works,http://rentacar-venezia-local.local/how-it-works/,page-templates/template-how-it-works.php,it
5016,Auto a noleggio a Venezia e Treviso,fleet,http://rentacar-venezia-local.local/fleet/,page-templates/template-fleet.php,it
3530,La tua richiesta è stata inviata con successo!,la-tua-richiesta-e-stata-inviata,http://rentacar-venezia-local.local/la-tua-richiesta-e-stata-inviata/,template-success.php,it
3232,Results,results,http://rentacar-venezia-local.local/ro/results/,template-results.php,ro
3231,Rezultati,total,http://rentacar-venezia-local.local/total/,template-results.php,it
3219,Locuri de vizitat,locuri-de-vizitat,http://rentacar-venezia-local.local/ro/locuri-de-vizitat/,,ro
3216,Termini e Condizioni,termini,http://rentacar-venezia-local.local/termini/,,it
3214,Întrebări frecvente,intrebari-frecvente,http://rentacar-venezia-local.local/ro/intrebari-frecvente/,page-templates/template-faq.php,ro
3208,Mеста для посещения,mesta-dlya-poseshcheniya,http://rentacar-venezia-local.local/ru/mesta-dlya-poseshcheniya/,,ru
3166,Contatti,contatti,http://rentacar-venezia-local.local/contatti/,page-templates/template-contact.php,it
3164,Posti da vedere,posti,http://rentacar-venezia-local.local/posti/,,it
3161,Frequently asked questions,faq,http://rentacar-venezia-local.local/faq/,page-templates/template-faq.php,it
3158,HOME PAGE,condition,http://localhost:10003/,template-homepage.php,it
3149,Часто задаваемые вопросы,chasto-zadavayemyye,http://rentacar-venezia-local.local/ru/chasto-zadavayemyye/,page-templates/template-faq.php,ru
3137,Places to visit,placesto-visit,http://rentacar-venezia-local.local/en/placesto-visit/,,en
3125,Frequent Question,frequents,http://rentacar-venezia-local.local/en/frequents/,page-templates/template-faq.php,en
2691,Solicitarea dvs. a fost trimisă cu succes!,solicitarea-dvs-a-fost-trimisa-cu-succes,http://rentacar-venezia-local.local/ro/solicitarea-dvs-a-fost-trimisa-cu-succes/,template-success.php,ro
2440,Termeni și condiții,termeni,http://rentacar-venezia-local.local/ro/termeni/,,ro
2426,Contacte,contacte-si-asistenta,http://rentacar-venezia-local.local/ro/contacte-si-asistenta/,page-templates/template-contact.php,ro
2408,Auto și Prețuri,inchirieri-auto-treviso-venezia,http://localhost:10003/ro/,template-homepage.php,ro
137,Ваш запрос отправлен успешно!,%d0%b7%d0%b0%d0%bf%d1%80%d0%be%d1%81-%d0%be%d1%82%d0%bf%d1%80%d0%b0%d0%b2%d0%bb%d0%b5%d0%bd-%d1%83%d1%81%d0%bf%d0%b5%d1%88%d0%bd%d0%be,http://rentacar-venezia-local.local/ru/%d0%b7%d0%b0%d0%bf%d1%80%d0%be%d1%81-%d0%be%d1%82%d0%bf%d1%80%d0%b0%d0%b2%d0%bb%d0%b5%d0%bd-%d1%83%d1%81%d0%bf%d0%b5%d1%88%d0%bd%d0%be/,template-success.php,ru
135,Your request has been sent successfully!,success,http://rentacar-venezia-local.local/en/success/,template-success.php,en
124,Результаты,%d1%80%d0%b5%d0%b7%d1%83%d0%bb%d1%8c%d1%82%d0%b0%d1%82%d1%8b,http://rentacar-venezia-local.local/ru/%d1%80%d0%b5%d0%b7%d1%83%d0%bb%d1%8c%d1%82%d0%b0%d1%82%d1%8b/,template-results.php,ru
122,Results,prenotazioni,http://rentacar-venezia-local.local/en/prenotazioni/,template-results.php,en
73,Контакты,kontakty-i-pomoshch,http://rentacar-venezia-local.local/ru/kontakty-i-pomoshch/,page-templates/template-contact.php,ru
57,Правила и условия,usloviya,http://rentacar-venezia-local.local/ru/usloviya/,,ru
23,Цены и автомобили,%d0%b0%d1%80%d0%b5%d0%bd%d0%b4%d0%b0-%d0%b0%d0%b2%d1%82%d0%be-%d0%b2-%d0%b0%d1%8d%d1%80%d0%be%d0%bf%d0%be%d1%80%d1%82-%d0%bb%d0%b0%d1%80%d0%bd%d0%b0%d0%ba%d0%b0-%d0%b8-%d0%ba%d0%b8%d0%bf%d1%80%d0%b5,http://localhost:10003/ru/,template-homepage.php,ru
20,Home page,rent-car-treviso,http://localhost:10003/en/,template-homepage.php,en
8,Contact,contact,http://rentacar-venezia-local.local/en/contact/,page-templates/template-contact.php,en
6,Terms and Conditions,term,http://rentacar-venezia-local.local/en/term/,,en
